"333 West Camden Street, Baltimore, MD, 21201"
"401 East Jefferson Street, Phoenix, AZ,85004"
"4 Yawkey Way, Boston, MA, 02215"
"755 Battery Avenue, Atlanta, GA, 30339"
"333 West 35th Street, Chicago, IL, 60616"
"1060 West Addison, Chicago, IL, 60613-4397"
"2401 Ontario Street, Cleveland, OH, 44115"
"100 Main Street, Cincinnati, OH, 45202-4109"
"2100 Woodward Avenue, Detroit, MI, 48201"
"2001 Blake Street, Denver, CO, 80205-2000"
"501 Crawford Street, Houston, TX, 77002"
"1000 Vin Scully Avenue, Los Angeles, CA, 90012"
"One Royal Way, Kansas City, MO, 64129"
"501 Marlins Way, Miami, FL, 33125"
"2000 Gene Autry Way, Anaheim, CA, 92806"
"One Brewers Way, Milwaukee, WI, 53214"
"1 Twins Way, Minneapolis, MN 55403"
"120-01 Roosevelt Avenue, Corona, NY 11368"
"One East 161st Street, Bronx, NY 10451"
"One Citizens Bank Way, Philadelphia, PA, 19148"
"7000 Coliseum Way, Oakland, CA, 94621"
"115 Federal Street, Pittsburgh, PA, 15212"
"P.O. Box 4100, Seattle, WA, 98104"
"100 Park Boulevard, San Diego, CA, 92101"
"One Tropicana Drive, St. Petersburg, FL, 33705"
"24 Willie Mays Plaza, San Francisco, CA, 94107"
"1000 Ballpark Way, Arlington, TX, 76011"
"700 Clark Street, St. Louis, MO, 63102"
"1 Blue Jays Way, Suite 3200, Toronto, Ontario, Canada "
"1500 South Capitol Street, SE, Washington, DC 20003-1507"
